<vector android:height="32dp" android:viewportHeight="512"
    android:viewportWidth="512" android:width="32dp" xmlns:android="http://schemas.android.com/apk/res/android">
    <path android:fillColor="#338af3" android:pathData="M512,256a256,256 0,0 1,-512 0L256,0a256,256 0,0 1,256 256z"/>
    <path android:fillColor="#0052b4" android:pathData="M256,122.4v86.4l-89,-86.4zM133.6,256h75.2l-75.2,-100.2 -11.2,78z"/>
    <path android:fillColor="#eee" android:pathData="M256,0zM255.3,256h0.7v-0.7l-0.7,0.7z"/>
    <path android:fillColor="#eee" android:pathData="M256,133.6V0A256,256 0,0 0,0 256h133.6v-75.2l75.2,75.2h46.5l0.7,-0.7v-46.5l-75.2,-75.2H256z"/>
    <path android:fillColor="#d80027" android:pathData="M129.5,33.4a257.2,257.2 0,0 0,-96.1 96.1V256h66.8V100.2H256V33.4H129.5z"/>
    <path android:fillColor="#d80027" android:pathData="M256,224.5l-91,-91h-31.4L256,256v-31.5z"/>
    <path android:fillColor="#eee" android:pathData="M289.4,167v89c0,59.6 77.9,78 77.9,78s78,-18.4 78,-78v-89l-78,-22.3 -78,22.3z"/>
    <path android:fillColor="#d80027" android:pathData="M445.2,167v-33.4H289.4V167h66.8v66.7h-66.8V256h66.8v74.5c6.7,2.4 11.1,3.4 11.1,3.4s4.4,-1 11.1,-3.4V256h66.8v-22.3h-66.8V167h66.8z"/>
</vector>
