<vector android:height="32dp" android:viewportHeight="512"
    android:viewportWidth="512" android:width="32dp" xmlns:android="http://schemas.android.com/apk/res/android">
    <path android:fillColor="#d80027" android:pathData="M111.7,467.5a255.6,255.6 0,0 0,288.6 0L256,445.2l-144.3,22.3zM400.3,44.5a255.6,255.6 0,0 0,-288.6 0L256,66.8l144.3,-22.3z"/>
    <path android:fillColor="#0052b4" android:pathData="M512,256c0,-84.7 -50.7,-169.8 -111.7,-211.5H111.7A255.7,255.7 0,0 0,0 256c0,87.9 44.3,165.4 111.7,211.5h288.6A255.7,255.7 0,0 0,512 256z"/>
    <path android:fillColor="#d80027" android:pathData="M241.5,417.6c-3.5,-3 -85.7,-74.5 -85.7,-161.6S238,97.4 241.5,94.4L256,82l14.5,12.4c3.5,3 85.7,74.4 85.7,161.6S274,414.6 270.5,417.6L256,430l-14.5,-12.4z"/>
    <path android:fillColor="#338af3" android:pathData="M334,256c0,-78 -78,-144.7 -78,-144.7s-78,66.8 -78,144.7a150,150 0,0 0,17.5 66.8h121a150,150 0,0 0,17.4 -66.8z"/>
    <path android:fillColor="#0052b4" android:pathData="M334,256a150,150 0,0 1,-17.5 66.8L256,333.9l-60.5,-11.1a150,150 0,0 1,-17.4 -66.8h155.8z"/>
    <path android:fillColor="#ffda44" android:pathData="M256,400.7s37.5,-32.2 60.5,-78h-121c23,45.8 60.5,78 60.5,78z"/>
    <path android:fillColor="#6da544" android:pathData="M206,211.5h100l-50,50z"/>
    <path android:fillColor="#a2001d" android:pathData="M239.3,244.9h33.4V345h-33.4z"/>
</vector>
