<vector android:height="32dp" android:viewportHeight="512"
    android:viewportWidth="512" android:width="32dp" xmlns:android="http://schemas.android.com/apk/res/android">
    <path android:fillColor="#a2001d" android:pathData="M512,256a256,256 0,0 1,-512 0C0,114.6 256,0 256,0s256,114.6 256,256z"/>
    <path android:fillColor="#0052b4" android:pathData="M0,256a256,256 0,0 1,512 0"/>
    <path android:fillColor="#eee" android:pathData="M345,322.8l-89,-11.1 -89,11V189.3h178z"/>
    <path android:fillColor="#0052b4" android:pathData="M256,267.1m-44.5,0a44.5,44.5 0,1 1,89 0a44.5,44.5 0,1 1,-89 0"/>
    <path android:fillColor="#a2001d" android:pathData="M256,267.1m-22.3,0a22.3,22.3 0,1 1,44.6 0a22.3,22.3 0,1 1,-44.6 0"/>
    <path android:fillColor="#6da544" android:pathData="M222.6,211.5h66.8L256,244.9z"/>
    <path android:fillColor="#ffda44" android:pathData="M244.9,233.7H267v66.8h-22z"/>
    <path android:fillColor="#6da544" android:pathData="M291.6,293.8h-71.2l-53.4,29h178z"/>
</vector>
