<vector android:height="32dp" android:viewportHeight="512"
    android:viewportWidth="512" android:width="32dp" xmlns:android="http://schemas.android.com/apk/res/android">
    <path android:fillColor="#0052b4" android:pathData="M512,256a256,256 0,0 1,-512 0L256,0a256,256 0,0 1,256 256z"/>
    <path android:fillColor="#eee" android:pathData="M256,0zM255.3,256h0.7v-0.7l-0.7,0.7z"/>
    <path android:fillColor="#eee" android:pathData="M256,133.6V0A256,256 0,0 0,0 256h133.6v-75.2l75.2,75.2h46.5l0.7,-0.7v-46.5l-75.2,-75.2H256z"/>
    <path android:fillColor="#6da544" android:pathData="M367.3,144.7m-44.5,0a44.5,44.5 0,1 1,89 0a44.5,44.5 0,1 1,-89 0"/>
    <path android:fillColor="#d80027" android:pathData="M129.5,33.4a257.2,257.2 0,0 0,-96.1 96.1V256h66.8V100.2H256V33.4H129.5z"/>
    <path android:fillColor="#d80027" android:pathData="M256,224.5l-91,-91h-31.4L256,256v-31.5zM289.4,133.5h155.8v66.8L289.4,200.3z"/>
    <path android:fillColor="#496e2d" android:pathData="M445.2,256zM289.4,256z"/>
    <path android:fillColor="#ffda44" android:pathData="M289.4,300.5V345h23.4a77.6,77.6 0,0 0,109 0h23.4v-44.5H289.4z"/>
    <path android:fillColor="#338af3" android:pathData="M289.4,189.2V256c0,59.6 77.9,78 77.9,78s78,-18.4 78,-78v-66.8h-156z"/>
    <path android:fillColor="#eee" android:pathData="M367.3,224.9c-19.5,0 -19.5,17.8 -39,17.8s-19.4,-17.8 -39,-17.8L289.3,256c19.6,0 19.6,17.8 39,17.8s19.5,-17.8 39,-17.8 19.5,17.8 39,17.8 19.4,-17.8 39,-17.8v-31.2c-19.6,0 -19.6,17.8 -39,17.8 -19.5,0 -19.5,-17.8 -39,-17.8zM367.3,162.5c-19.5,0 -19.5,17.8 -39,17.8s-19.4,-17.8 -39,-17.8v31.2c19.6,0 19.6,17.8 39,17.8s19.5,-17.8 39,-17.8 19.5,17.8 39,17.8 19.4,-17.8 39,-17.8v-31.2c-19.6,0 -19.6,17.8 -39,17.8 -19.5,0 -19.5,-17.8 -39,-17.8z"/>
</vector>
