<vector android:height="32dp" android:viewportHeight="512"
    android:viewportWidth="512" android:width="32dp" xmlns:android="http://schemas.android.com/apk/res/android">
    <path android:fillColor="#eee" android:pathData="M256,256m-256,0a256,256 0,1 1,512 0a256,256 0,1 1,-512 0"/>
    <path android:fillColor="#ffda44" android:pathData="M138.4,356.2L75,437a256,256 0,0 0,416.6 -80.8H138.4z"/>
    <path android:fillColor="#496e2d" android:pathData="M492,156.8A256,256 0,0 0,75 75l64.1,81.8h353z"/>
    <path android:fillColor="#333" android:pathData="M55.7,188.3v134.5h447.5a256.1,256.1 0,0 0,-0.3 -134.5H55.7z"/>
    <path android:fillColor="#a2001d" android:pathData="M75,75a256,256 0,0 0,0 362l181,-181L75,75z"/>
    <path android:fillColor="#ffda44" android:pathData="M103.6,189.2l16.6,51h53.6l-43.4,31.6 16.6,51 -43.4,-31.5 -43.4,31.5 16.6,-51 -43.4,-31.6H87z"/>
    <path android:fillColor="#eee" android:pathData="M55.1,256h97v44.5h-97z"/>
    <path android:fillColor="#333" android:pathData="M170.5,205l-15.7,-15.8 -51.2,51.2 -51.1,-51.2L36.7,205 88,256l-51.2,51.3 15.8,15.5 51.1,-51 51.2,51 15.7,-15.5 -51.2,-51.2z"/>
</vector>
