<vector android:height="32dp" android:viewportHeight="512"
    android:viewportWidth="512" android:width="32dp" xmlns:android="http://schemas.android.com/apk/res/android">
    <path android:fillColor="#ffda44" android:pathData="M512,256a256,256 0,0 1,-512 0L256,0a256,256 0,0 1,256 256z"/>
    <path android:fillColor="#0052b4" android:pathData="M256,122.4v86.4l-89,-86.4zM133.6,256h75.2l-75.2,-100.2 -11.2,78z"/>
    <path android:fillColor="#eee" android:pathData="M255.3,256h0.7v-0.7l-0.7,0.7z"/>
    <path android:fillColor="#eee" android:pathData="M256,133.6V0A256,256 0,0 0,0 256h133.6v-75.2l75.2,75.2h46.5l0.7,-0.7v-46.5l-75.2,-75.2H256z"/>
    <path android:fillColor="#d80027" android:pathData="M256,224.5l-91,-91h-31.4L256,256v-31.5z"/>
    <path android:fillColor="#d80027" android:pathData="M129.5,33.4A256.5,256.5 0,0 0,101.2 52h10.5L83.9,72.3l10.6,32.6 -27.7,-20.1 -3,2.1a256.8,256.8 0,0 0,-30.4 42.6V256h66.8V100.2H256V33.4H129.5z"/>
    <path android:fillColor="#0052b4" android:pathData="M109.4,46.2a256.5,256.5 0,0 0,-8.2 6l-17.3,20 -17.1,12.6 -3,2.1a257.2,257.2 0,0 0,-17.6 22.5,47.1 47.1,0 0,0 20.6,4.7A47.3,47.3 0,0 0,114 66.8a47,47 0,0 0,-4.7 -20.6z"/>
    <path android:fillColor="#ffda44" android:pathData="M63.8,87l3,-2.2 27.7,20.1L84,72.3 111.7,52h-10.5a257.6,257.6 0,0 0,-37.4 35zM176.9,44.5l5.6,17h17.8L186,72l5.5,17L177,78.5 162.5,89l5.5,-17 -14.5,-10.5h18zM66.8,155.8l5.5,17h17.9l-14.5,10.5 5.5,17 -14.4,-10.5 -14.5,10.5 5.5,-17 -14.4,-10.5h17.9z"/>
</vector>
