<vector android:height="32dp" android:viewportHeight="512"
    android:viewportWidth="512" android:width="32dp" xmlns:android="http://schemas.android.com/apk/res/android">
    <path android:fillColor="#d80027" android:pathData="M233.7,278.3S75.1,74.9 75,75a256,256 0,0 1,437 181l-278.3,22.3z"/>
    <path android:fillColor="#0052b4" android:pathData="M233.7,256L75,437a256,256 0,0 0,437 -181H233.7z"/>
    <path android:fillColor="#eee" android:pathData="M75,75a256,256 0,0 0,0 362l181,-181L75,75z"/>
    <path android:fillColor="#ffda44" android:pathData="M28,256a73.1,73.1 0,0 0,-0.2 5.6,72.3 72.3,0 1,0 144.5,-5.6H28z"/>
    <path android:fillColor="#ffda44" android:pathData="M100.2,200.3m-22.3,0a22.3,22.3 0,1 1,44.6 0a22.3,22.3 0,1 1,-44.6 0"/>
    <path android:fillColor="#d80027" android:pathData="M50,194.8V267c0,38.4 50.2,50.1 50.2,50.1s50,-11.7 50,-50v-72.4h-100z"/>
    <path android:fillColor="#338af3" android:pathData="M100.2,294c-9.3,-3.4 -27.9,-12 -27.9,-26.9v-50H128v50c0,15 -18.6,23.5 -27.8,26.8z"/>
    <path android:fillColor="#eee" android:pathData="M111.3,244.9v-11.2l-11.1,-5.5 -11.2,5.5V245l-5.5,5.5v22.3h33.4v-22.3z"/>
</vector>
