<vector android:height="32dp" android:viewportHeight="512"
    android:viewportWidth="512" android:width="32dp" xmlns:android="http://schemas.android.com/apk/res/android">
    <path android:fillColor="#ffda44" android:pathData="M486.6,367.3C502.9,333.6 512,295.9 512,256s-9.1,-77.6 -25.4,-111.3L256,133.6 25.4,144.7C9.1,178.4 0,216 0,256s9.1,77.6 25.4,111.3L256,378.4l230.6,-11.1z"/>
    <path android:fillColor="#333" android:pathData="M256,0A256,256 0,0 0,25.4 144.7h461.2A256,256 0,0 0,256 0z"/>
    <path android:fillColor="#0052b4" android:pathData="M256,512A256,256 0,0 1,25.4 367.3h461.2A256,256 0,0 1,256 512z"/>
    <path android:fillColor="#a2001d" android:pathData="M500,178H12a255.8,255.8 0,0 0,0 156h488a255.8,255.8 0,0 0,0 -156z"/>
    <path android:fillColor="#ffda44" android:pathData="M89,244.9h334L423,267L89,267zM133.6,200.3h244.8v22.3L133.6,222.6z"/>
    <path android:fillColor="#eee" android:pathData="M380,256s-57.2,66.8 -124,66.8 -66.8,-66.8 -66.8,-66.8 0,-66.8 66.8,-66.8S380,256 380,256z"/>
    <path android:fillColor="#333" android:pathData="M256,322.8c-66.8,0 -124,-66.8 -124,-66.8s57.2,-66.8 124,-66.8"/>
    <path android:fillColor="#eee" android:pathData="M211.5,233.7h22.2v44.6h-22.2z"/>
    <path android:fillColor="#333" android:pathData="M278.3,233.7h22.2v44.6h-22.2z"/>
    <path android:fillColor="#0052b4" android:pathData="M89,256m-22.3,0a22.3,22.3 0,1 1,44.6 0a22.3,22.3 0,1 1,-44.6 0"/>
    <path android:fillColor="#0052b4" android:pathData="M423,256m-22.3,0a22.3,22.3 0,1 1,44.6 0a22.3,22.3 0,1 1,-44.6 0"/>
</vector>
