<vector android:height="32dp" android:viewportHeight="512"
    android:viewportWidth="512" android:width="32dp" xmlns:android="http://schemas.android.com/apk/res/android">
    <path android:fillColor="#338af3" android:pathData="M256,256m-256,0a256,256 0,1 1,512 0a256,256 0,1 1,-512 0"/>
    <path android:fillColor="#eee" android:pathData="M256,256m-145,0a145,145 0,1 1,290 0a145,145 0,1 1,-290 0"/>
    <path android:fillColor="#338af3" android:pathData="M256,256m-111,0a111,111 0,1 1,222 0a111,111 0,1 1,-222 0"/>
    <path android:fillColor="#338af3" android:pathData="M76,76h360L256,256z"/>
    <path android:fillColor="#eee" android:pathData="M256,256m-89,0a89,89 0,1 1,178 0a89,89 0,1 1,-178 0"/>
    <path android:fillColor="#338af3" android:pathData="M256,256m-69,0a69,69 0,1 1,138 0a69,69 0,1 1,-138 0"/>
    <path android:fillColor="#eee" android:pathData="M246,178h20v156h-20z"/>
    <path android:fillColor="#eee" android:pathData="M334,246v20H178v-20z"/>
    <path android:fillColor="#eee" android:pathData="M304,193.7l14.2,14.2 -110.3,110.3 -14.2,-14.1z"/>
    <path android:fillColor="#eee" android:pathData="M318.2,304l-14.1,14.2 -110.4,-110.3 14.2,-14.2z"/>
    <path android:fillColor="#eee" android:pathData="M256,256m-44,0a44,44 0,1 1,88 0a44,44 0,1 1,-88 0"/>
    <path android:fillColor="#338af3" android:pathData="M256,256m-22,0a22,22 0,1 1,44 0a22,22 0,1 1,-44 0"/>
    <path android:fillColor="#eee" android:pathData="M212,412a44,40 0,1 0,88 0a44,40 0,1 0,-88 0z"/>
    <path android:fillColor="#338af3" android:pathData="M256,407l-78,63h156z"/>
</vector>
