{
  "v": "5.6.6",
  "ip": 0,
  "op": 80,
  "fr": 60,
  "w": 163,
  "h": 40,
  "layers": [
    {
      "ind": 4647,
      "nm": "surface24159",
      "ao": 0,
      "ip": 0,
      "op": 80,
      "st": 0,
      "ty": 4,
      "ks": {
        "ty": "tr",
        "o": {
          "k": 100
        },
        "r": {
          "k": 0
        },
        "p": {
          "a": 0,
          "k": [
            0,
            0,
            0
          ],
          "ix": 2
        },
        "a": {
          "k": [
            0,
            0
          ]
        },
        "s": {
          "k": [
            133.33,
            133.33
          ]
        },
        "sk": {
          "k": 0
        },
        "sa": {
          "k": 0
        }
      },
      "shapes": [
        {
          "ty": "gr",
          "hd": false,
          "nm": "surface24159",
          "it": [
            {
              "ty": "gr",
              "hd": false,
              "it": [
                {
                  "ty": "gr",
                  "hd": false,
                  "nm": "use",
                  "it": [
                    {
                      "ty": "gr",
                      "hd": false,
                      "nm": "surface24196",
                      "it": [
                        {
                          "ty": "gr",
                          "hd": false,
                          "it": [
                            {
                              "ty": "sh",
                              "ks": {
                                "k": {
                                  "i": [
                                    [
                                      0,
                                      0
                                    ],
                                    [
                                      0,
                                      -1.77
                                    ],
                                    [
                                      0,
                                      0
                                    ],
                                    [
                                      0,
                                      0
                                    ],
                                    [
                                      0,
                                      0
                                    ],
                                    [
                                      1.46,
                                      0
                                    ],
                                    [
                                      0.73,
                                      -0.83
                                    ],
                                    [
                                      0,
                                      0
                                    ],
                                    [
                                      0,
                                      0
                                    ],
                                    [
                                      0,
                                      0
                                    ],
                                    [
                                      0,
                                      0
                                    ],
                                    [
                                      0,
                                      0
                                    ],
                                    [
                                      -1.25,
                                      0
                                    ],
                                    [
                                      -0.99,
                                      -1.07
                                    ]
                                  ],
                                  "o": [
                                    [
                                      0.99,
                                      1.04
                                    ],
                                    [
                                      0,
                                      0
                                    ],
                                    [
                                      0,
                                      0
                                    ],
                                    [
                                      0,
                                      0
                                    ],
                                    [
                                      0,
                                      -1.75
                                    ],
                                    [
                                      -0.81,
                                      0
                                    ],
                                    [
                                      0,
                                      0
                                    ],
                                    [
                                      0,
                                      0
                                    ],
                                    [
                                      0,
                                      0
                                    ],
                                    [
                                      0,
                                      0
                                    ],
                                    [
                                      0,
                                      0
                                    ],
                                    [
                                      1.07,
                                      -0.81
                                    ],
                                    [
                                      1.59,
                                      0
                                    ],
                                    [
                                      0,
                                      0
                                    ]
                                  ],
                                  "v": [
                                    [
                                      116.27,
                                      9.39
                                    ],
                                    [
                                      117.76,
                                      13.61
                                    ],
                                    [
                                      117.76,
                                      20.83
                                    ],
                                    [
                                      113.54,
                                      20.83
                                    ],
                                    [
                                      113.54,
                                      14.29
                                    ],
                                    [
                                      111.22,
                                      11.63
                                    ],
                                    [
                                      108.93,
                                      12.88
                                    ],
                                    [
                                      108.93,
                                      20.82
                                    ],
                                    [
                                      104.68,
                                      20.82
                                    ],
                                    [
                                      104.68,
                                      8.19
                                    ],
                                    [
                                      108.93,
                                      8.19
                                    ],
                                    [
                                      108.93,
                                      9.02
                                    ],
                                    [
                                      112.39,
                                      7.8
                                    ],
                                    [
                                      116.27,
                                      9.39
                                    ]
                                  ],
                                  "c": false
                                }
                              }
                            },
                            {
                              "ty": "fl",
                              "o": {
                                "k": 100
                              },
                              "c": {
                                "k": [
                                  1,
                                  0.18,
                                  0.58,
                                  1
                                ]
                              }
                            },
                            {
                              "ty": "tr",
                              "o": {
                                "k": 100
                              },
                              "r": {
                                "k": 0
                              },
                              "p": {
                                "k": [
                                  0,
                                  0
                                ]
                              },
                              "a": {
                                "k": [
                                  0,
                                  0
                                ]
                              },
                              "s": {
                                "k": [
                                  100,
                                  100
                                ]
                              },
                              "sk": {
                                "k": 0
                              },
                              "sa": {
                                "k": 0
                              },
                              "hd": false
                            }
                          ]
                        },
                        {
                          "ty": "tr",
                          "o": {
                            "k": 100
                          },
                          "r": {
                            "k": 0
                          },
                          "p": {
                            "k": [
                              0,
                              0
                            ]
                          },
                          "a": {
                            "k": [
                              0,
                              0
                            ]
                          },
                          "s": {
                            "k": [
                              100,
                              100
                            ]
                          },
                          "sk": {
                            "k": 0
                          },
                          "sa": {
                            "k": 0
                          },
                          "hd": false
                        }
                      ]
                    },
                    {
                      "ty": "tr",
                      "o": {
                        "k": 100
                      },
                      "r": {
                        "k": 0
                      },
                      "p": {
                        "k": [
                          0,
                          0
                        ]
                      },
                      "a": {
                        "k": [
                          0,
                          0
                        ]
                      },
                      "s": {
                        "k": [
                          100,
                          100
                        ]
                      },
                      "sk": {
                        "k": 0
                      },
                      "sa": {
                        "k": 0
                      },
                      "hd": false
                    }
                  ]
                },
                {
                  "ty": "tr",
                  "o": {
                    "k": 100
                  },
                  "r": {
                    "k": 0
                  },
                  "p": {
                    "k": [
                      0,
                      0
                    ]
                  },
                  "a": {
                    "k": [
                      0,
                      0
                    ]
                  },
                  "s": {
                    "k": [
                      100,
                      100
                    ]
                  },
                  "sk": {
                    "k": 0
                  },
                  "sa": {
                    "k": 0
                  },
                  "hd": false
                }
              ]
            },
            {
              "ty": "gr",
              "hd": false,
              "it": [
                {
                  "ty": "gr",
                  "hd": false,
                  "nm": "use",
                  "it": [
                    {
                      "ty": "gr",
                      "hd": false,
                      "nm": "surface24186",
                      "it": [
                        {
                          "ty": "gr",
                          "hd": false,
                          "it": [
                            {
                              "ty": "sh",
                              "ks": {
                                "k": {
                                  "i": [
                                    [
                                      0,
                                      0
                                    ],
                                    [
                                      1.69,
                                      0
                                    ],
                                    [
                                      0.7,
                                      -0.78
                                    ],
                                    [
                                      0,
                                      0
                                    ],
                                    [
                                      -1.07,
                                      0
                                    ],
                                    [
                                      0,
                                      1.77
                                    ]
                                  ],
                                  "o": [
                                    [
                                      0,
                                      -1.77
                                    ],
                                    [
                                      -1.04,
                                      0
                                    ],
                                    [
                                      0,
                                      0
                                    ],
                                    [
                                      0.68,
                                      0.75
                                    ],
                                    [
                                      1.7,
                                      0
                                    ],
                                    [
                                      0,
                                      0
                                    ]
                                  ],
                                  "v": [
                                    [
                                      98.45,
                                      14.49
                                    ],
                                    [
                                      95.48,
                                      11.34
                                    ],
                                    [
                                      92.88,
                                      12.51
                                    ],
                                    [
                                      92.88,
                                      16.47
                                    ],
                                    [
                                      95.48,
                                      17.62
                                    ],
                                    [
                                      98.46,
                                      14.49
                                    ]
                                  ],
                                  "c": false
                                }
                              }
                            },
                            {
                              "ty": "sh",
                              "ks": {
                                "k": {
                                  "i": [
                                    [
                                      0,
                                      0
                                    ],
                                    [
                                      0,
                                      -1.85
                                    ],
                                    [
                                      1.23,
                                      -1.28
                                    ],
                                    [
                                      1.72,
                                      0
                                    ],
                                    [
                                      1.02,
                                      0.62
                                    ],
                                    [
                                      0,
                                      0
                                    ],
                                    [
                                      0,
                                      0
                                    ],
                                    [
                                      0,
                                      0
                                    ],
                                    [
                                      0,
                                      0
                                    ],
                                    [
                                      0,
                                      0
                                    ],
                                    [
                                      -1.27,
                                      0
                                    ],
                                    [
                                      -1.23,
                                      -1.28
                                    ]
                                  ],
                                  "o": [
                                    [
                                      1.23,
                                      1.28
                                    ],
                                    [
                                      0,
                                      1.85
                                    ],
                                    [
                                      -1.23,
                                      1.28
                                    ],
                                    [
                                      -1.28,
                                      0
                                    ],
                                    [
                                      0,
                                      0
                                    ],
                                    [
                                      0,
                                      0
                                    ],
                                    [
                                      0,
                                      0
                                    ],
                                    [
                                      0,
                                      0
                                    ],
                                    [
                                      0,
                                      0
                                    ],
                                    [
                                      1.02,
                                      -0.62
                                    ],
                                    [
                                      1.72,
                                      0
                                    ],
                                    [
                                      0,
                                      0
                                    ]
                                  ],
                                  "v": [
                                    [
                                      100.75,
                                      9.8
                                    ],
                                    [
                                      102.6,
                                      14.5
                                    ],
                                    [
                                      100.75,
                                      19.19
                                    ],
                                    [
                                      96.32,
                                      21.09
                                    ],
                                    [
                                      92.88,
                                      20.15
                                    ],
                                    [
                                      92.88,
                                      26.69
                                    ],
                                    [
                                      88.63,
                                      26.69
                                    ],
                                    [
                                      88.63,
                                      8.19
                                    ],
                                    [
                                      92.88,
                                      8.19
                                    ],
                                    [
                                      92.88,
                                      8.84
                                    ],
                                    [
                                      96.31,
                                      7.9
                                    ],
                                    [
                                      100.74,
                                      9.8
                                    ]
                                  ],
                                  "c": false
                                }
                              }
                            },
                            {
                              "ty": "fl",
                              "o": {
                                "k": 100
                              },
                              "c": {
                                "k": [
                                  1,
                                  0.18,
                                  0.58,
                                  1
                                ]
                              }
                            },
                            {
                              "ty": "tr",
                              "o": {
                                "k": 100
                              },
                              "r": {
                                "k": 0
                              },
                              "p": {
                                "k": [
                                  0,
                                  0
                                ]
                              },
                              "a": {
                                "k": [
                                  0,
                                  0
                                ]
                              },
                              "s": {
                                "k": [
                                  100,
                                  100
                                ]
                              },
                              "sk": {
                                "k": 0
                              },
                              "sa": {
                                "k": 0
                              },
                              "hd": false
                            }
                          ]
                        },
                        {
                          "ty": "tr",
                          "o": {
                            "k": 100
                          },
                          "r": {
                            "k": 0
                          },
                          "p": {
                            "k": [
                              0,
                              0
                            ]
                          },
                          "a": {
                            "k": [
                              0,
                              0
                            ]
                          },
                          "s": {
                            "k": [
                              100,
                              100
                            ]
                          },
                          "sk": {
                            "k": 0
                          },
                          "sa": {
                            "k": 0
                          },
                          "hd": false
                        }
                      ]
                    },
                    {
                      "ty": "tr",
                      "o": {
                        "k": 100
                      },
                      "r": {
                        "k": 0
                      },
                      "p": {
                        "k": [
                          0,
                          0
                        ]
                      },
                      "a": {
                        "k": [
                          0,
                          0
                        ]
                      },
                      "s": {
                        "k": [
                          100,
                          100
                        ]
                      },
                      "sk": {
                        "k": 0
                      },
                      "sa": {
                        "k": 0
                      },
                      "hd": false
                    }
                  ]
                },
                {
                  "ty": "tr",
                  "o": {
                    "k": 100
                  },
                  "r": {
                    "k": 0
                  },
                  "p": {
                    "k": [
                      0,
                      0
                    ]
                  },
                  "a": {
                    "k": [
                      0,
                      0
                    ]
                  },
                  "s": {
                    "k": [
                      100,
                      100
                    ]
                  },
                  "sk": {
                    "k": 0
                  },
                  "sa": {
                    "k": 0
                  },
                  "hd": false
                }
              ]
            },
            {
              "ty": "gr",
              "hd": false,
              "it": [
                {
                  "ty": "sh",
                  "ks": {
                    "k": {
                      "i": [
                        [
                          0,
                          0
                        ],
                        [
                          0,
                          0
                        ],
                        [
                          0,
                          0
                        ],
                        [
                          0,
                          0
                        ],
                        [
                          0,
                          0
                        ],
                        [
                          0,
                          0
                        ],
                        [
                          0,
                          0
                        ]
                      ],
                      "o": [
                        [
                          0,
                          0
                        ],
                        [
                          0,
                          0
                        ],
                        [
                          0,
                          0
                        ],
                        [
                          0,
                          0
                        ],
                        [
                          0,
                          0
                        ],
                        [
                          0,
                          0
                        ],
                        [
                          0,
                          0
                        ]
                      ],
                      "v": [
                        [
                          81.91,
                          20.82
                        ],
                        [
                          77.89,
                          20.82
                        ],
                        [
                          72.42,
                          8.19
                        ],
                        [
                          76.88,
                          8.19
                        ],
                        [
                          79.9,
                          15.48
                        ],
                        [
                          82.92,
                          8.19
                        ],
                        [
                          87.38,
                          8.19
                        ]
                      ],
                      "c": true
                    }
                  }
                },
                {
                  "ty": "fl",
                  "o": {
                    "k": 100
                  },
                  "c": {
                    "k": [
                      1,
                      0.18,
                      0.58,
                      1
                    ]
                  }
                },
                {
                  "ty": "tr",
                  "o": {
                    "k": 100
                  },
                  "r": {
                    "k": 0
                  },
                  "p": {
                    "k": [
                      0,
                      0
                    ]
                  },
                  "a": {
                    "k": [
                      0,
                      0
                    ]
                  },
                  "s": {
                    "k": [
                      100,
                      100
                    ]
                  },
                  "sk": {
                    "k": 0
                  },
                  "sa": {
                    "k": 0
                  },
                  "hd": false
                }
              ]
            },
            {
              "ty": "gr",
              "hd": false,
              "it": [
                {
                  "ty": "sh",
                  "ks": {
                    "k": {
                      "i": [
                        [
                          0,
                          0
                        ],
                        [
                          0,
                          0
                        ],
                        [
                          0,
                          0
                        ],
                        [
                          0,
                          0
                        ]
                      ],
                      "o": [
                        [
                          0,
                          0
                        ],
                        [
                          0,
                          0
                        ],
                        [
                          0,
                          0
                        ],
                        [
                          0,
                          0
                        ]
                      ],
                      "v": [
                        [
                          58.38,
                          20.43
                        ],
                        [
                          54.33,
                          20.41
                        ],
                        [
                          54.41,
                          8.29
                        ],
                        [
                          58.46,
                          8.32
                        ]
                      ],
                      "c": true
                    }
                  }
                },
                {
                  "ty": "sh",
                  "ks": {
                    "k": {
                      "i": [
                        [
                          0,
                          0
                        ],
                        [
                          1.17,
                          0.01
                        ],
                        [
                          0.86,
                          0.98
                        ],
                        [
                          -0.01,
                          1.63
                        ],
                        [
                          0,
                          0
                        ],
                        [
                          0,
                          0
                        ],
                        [
                          0,
                          0
                        ],
                        [
                          0,
                          0
                        ],
                        [
                          0,
                          0
                        ],
                        [
                          0,
                          0
                        ],
                        [
                          0,
                          0
                        ],
                        [
                          0,
                          0
                        ],
                        [
                          0,
                          0
                        ],
                        [
                          0,
                          0
                        ],
                        [
                          0,
                          0
                        ],
                        [
                          -1.27,
                          -0.01
                        ],
                        [
                          -1.02,
                          0.19
                        ]
                      ],
                      "o": [
                        [
                          -1.28,
                          0.39
                        ],
                        [
                          -1.47,
                          -0.01
                        ],
                        [
                          -0.89,
                          -1
                        ],
                        [
                          0,
                          0
                        ],
                        [
                          0,
                          0
                        ],
                        [
                          0,
                          0
                        ],
                        [
                          0,
                          0
                        ],
                        [
                          0,
                          0
                        ],
                        [
                          0,
                          0
                        ],
                        [
                          0,
                          0
                        ],
                        [
                          0,
                          0
                        ],
                        [
                          0,
                          0
                        ],
                        [
                          0,
                          0
                        ],
                        [
                          0,
                          0
                        ],
                        [
                          -0.01,
                          1.22
                        ],
                        [
                          0.4,
                          0
                        ],
                        [
                          0,
                          0
                        ]
                      ],
                      "v": [
                        [
                          70.92,
                          20.29
                        ],
                        [
                          67.24,
                          20.87
                        ],
                        [
                          63.71,
                          19.37
                        ],
                        [
                          62.41,
                          15.41
                        ],
                        [
                          62.44,
                          11.82
                        ],
                        [
                          60.06,
                          11.8
                        ],
                        [
                          60.09,
                          8.33
                        ],
                        [
                          62.46,
                          8.34
                        ],
                        [
                          62.48,
                          4.22
                        ],
                        [
                          66.53,
                          4.25
                        ],
                        [
                          66.5,
                          8.37
                        ],
                        [
                          70.62,
                          8.4
                        ],
                        [
                          70.6,
                          11.87
                        ],
                        [
                          66.48,
                          11.84
                        ],
                        [
                          66.46,
                          15.32
                        ],
                        [
                          68.34,
                          17.15
                        ],
                        [
                          70.49,
                          16.87
                        ]
                      ],
                      "c": true
                    }
                  }
                },
                {
                  "ty": "fl",
                  "o": {
                    "k": 100
                  },
                  "c": {
                    "k": [
                      1,
                      1,
                      1,
                      1
                    ]
                  }
                },
                {
                  "ty": "tr",
                  "o": {
                    "k": 100
                  },
                  "r": {
                    "k": 0
                  },
                  "p": {
                    "k": [
                      0,
                      0
                    ]
                  },
                  "a": {
                    "k": [
                      0,
                      0
                    ]
                  },
                  "s": {
                    "k": [
                      100,
                      100
                    ]
                  },
                  "sk": {
                    "k": 0
                  },
                  "sa": {
                    "k": 0
                  },
                  "hd": false
                }
              ]
            },
            {
              "ty": "gr",
              "hd": false,
              "it": [
                {
                  "ty": "sh",
                  "ks": {
                    "k": {
                      "i": [
                        [
                          0,
                          0
                        ],
                        [
                          -1.32,
                          -0.01
                        ],
                        [
                          0.01,
                          -1.3
                        ],
                        [
                          1.3,
                          0.01
                        ],
                        [
                          -0.01,
                          1.3
                        ]
                      ],
                      "o": [
                        [
                          0.01,
                          -1.3
                        ],
                        [
                          1.3,
                          0.01
                        ],
                        [
                          -0.01,
                          1.3
                        ],
                        [
                          -1.32,
                          -0.01
                        ],
                        [
                          0,
                          0
                        ]
                      ],
                      "v": [
                        [
                          54.07,
                          4.12
                        ],
                        [
                          56.45,
                          1.83
                        ],
                        [
                          58.81,
                          4.15
                        ],
                        [
                          56.42,
                          6.41
                        ],
                        [
                          54.06,
                          4.12
                        ]
                      ],
                      "c": false
                    }
                  }
                },
                {
                  "ty": "fl",
                  "o": {
                    "k": 100
                  },
                  "c": {
                    "k": [
                      1,
                      0.18,
                      0.58,
                      1
                    ]
                  }
                },
                {
                  "ty": "tr",
                  "o": {
                    "k": 100
                  },
                  "r": {
                    "k": 0
                  },
                  "p": {
                    "k": [
                      0,
                      0
                    ]
                  },
                  "a": {
                    "k": [
                      0,
                      0
                    ]
                  },
                  "s": {
                    "k": [
                      100,
                      100
                    ]
                  },
                  "sk": {
                    "k": 0
                  },
                  "sa": {
                    "k": 0
                  },
                  "hd": false
                }
              ]
            },
            {
              "ty": "gr",
              "hd": false,
              "it": [
                {
                  "ty": "sh",
                  "ks": {
                    "k": {
                      "i": [
                        [
                          0,
                          0
                        ],
                        [
                          0,
                          0
                        ],
                        [
                          0,
                          0
                        ],
                        [
                          0,
                          0
                        ],
                        [
                          0,
                          0
                        ],
                        [
                          0,
                          0
                        ],
                        [
                          0,
                          0
                        ],
                        [
                          0,
                          0
                        ],
                        [
                          0,
                          0
                        ],
                        [
                          0,
                          0
                        ],
                        [
                          0,
                          0
                        ],
                        [
                          0,
                          0
                        ],
                        [
                          0,
                          0
                        ]
                      ],
                      "o": [
                        [
                          0,
                          0
                        ],
                        [
                          0,
                          0
                        ],
                        [
                          0,
                          0
                        ],
                        [
                          0,
                          0
                        ],
                        [
                          0,
                          0
                        ],
                        [
                          0,
                          0
                        ],
                        [
                          0,
                          0
                        ],
                        [
                          0,
                          0
                        ],
                        [
                          0,
                          0
                        ],
                        [
                          0,
                          0
                        ],
                        [
                          0,
                          0
                        ],
                        [
                          0,
                          0
                        ],
                        [
                          0,
                          0
                        ]
                      ],
                      "v": [
                        [
                          48.36,
                          20.36
                        ],
                        [
                          44.69,
                          20.34
                        ],
                        [
                          42.78,
                          14.03
                        ],
                        [
                          40.79,
                          20.31
                        ],
                        [
                          37.12,
                          20.29
                        ],
                        [
                          33.03,
                          8.14
                        ],
                        [
                          37.27,
                          8.17
                        ],
                        [
                          39.1,
                          14.66
                        ],
                        [
                          41.22,
                          8.2
                        ],
                        [
                          44.42,
                          8.22
                        ],
                        [
                          46.42,
                          14.68
                        ],
                        [
                          48.37,
                          8.25
                        ],
                        [
                          52.59,
                          8.28
                        ]
                      ],
                      "c": true
                    }
                  }
                },
                {
                  "ty": "fl",
                  "o": {
                    "k": 100
                  },
                  "c": {
                    "k": [
                      1,
                      1,
                      1,
                      1
                    ]
                  }
                },
                {
                  "ty": "tr",
                  "o": {
                    "k": 100
                  },
                  "r": {
                    "k": 0
                  },
                  "p": {
                    "k": [
                      0,
                      0
                    ]
                  },
                  "a": {
                    "k": [
                      0,
                      0
                    ]
                  },
                  "s": {
                    "k": [
                      100,
                      100
                    ]
                  },
                  "sk": {
                    "k": 0
                  },
                  "sa": {
                    "k": 0
                  },
                  "hd": false
                }
              ]
            },
            {
              "ty": "gr",
              "hd": false,
              "it": [
                {
                  "ty": "gr",
                  "hd": false,
                  "nm": "use",
                  "it": [
                    {
                      "ty": "gr",
                      "hd": false,
                      "nm": "surface24176",
                      "it": [
                        {
                          "ty": "gr",
                          "hd": false,
                          "it": [
                            {
                              "ty": "sh",
                              "ks": {
                                "k": {
                                  "i": [
                                    [
                                      0,
                                      0
                                    ],
                                    [
                                      0,
                                      0
                                    ],
                                    [
                                      0,
                                      -0.23
                                    ],
                                    [
                                      -0.17,
                                      -0.17
                                    ],
                                    [
                                      0,
                                      0
                                    ],
                                    [
                                      -0.23,
                                      0
                                    ],
                                    [
                                      -0.17,
                                      0.17
                                    ],
                                    [
                                      0,
                                      0
                                    ],
                                    [
                                      0,
                                      0.23
                                    ],
                                    [
                                      0.17,
                                      0.17
                                    ],
                                    [
                                      0,
                                      0
                                    ],
                                    [
                                      0.23,
                                      0
                                    ],
                                    [
                                      0.17,
                                      -0.17
                                    ]
                                  ],
                                  "o": [
                                    [
                                      0,
                                      0
                                    ],
                                    [
                                      -0.17,
                                      0.17
                                    ],
                                    [
                                      0,
                                      0.23
                                    ],
                                    [
                                      0,
                                      0
                                    ],
                                    [
                                      0.17,
                                      0.17
                                    ],
                                    [
                                      0.23,
                                      0
                                    ],
                                    [
                                      0,
                                      0
                                    ],
                                    [
                                      0.17,
                                      -0.17
                                    ],
                                    [
                                      0,
                                      -0.23
                                    ],
                                    [
                                      0,
                                      0
                                    ],
                                    [
                                      -0.17,
                                      -0.17
                                    ],
                                    [
                                      -0.23,
                                      0
                                    ],
                                    [
                                      0,
                                      0
                                    ]
                                  ],
                                  "v": [
                                    [
                                      24.04,
                                      7.27
                                    ],
                                    [
                                      14.03,
                                      17.28
                                    ],
                                    [
                                      13.77,
                                      17.91
                                    ],
                                    [
                                      14.03,
                                      18.53
                                    ],
                                    [
                                      16.53,
                                      21.04
                                    ],
                                    [
                                      17.16,
                                      21.29
                                    ],
                                    [
                                      17.78,
                                      21.04
                                    ],
                                    [
                                      27.79,
                                      11.02
                                    ],
                                    [
                                      28.05,
                                      10.4
                                    ],
                                    [
                                      27.79,
                                      9.77
                                    ],
                                    [
                                      25.29,
                                      7.27
                                    ],
                                    [
                                      24.66,
                                      7.01
                                    ],
                                    [
                                      24.04,
                                      7.27
                                    ]
                                  ],
                                  "c": false
                                }
                              }
                            },
                            {
                              "ty": "gf",
                              "s": {
                                "k": [
                                  27.4,
                                  14.15
                                ]
                              },
                              "e": {
                                "k": [
                                  0.13,
                                  14.15
                                ]
                              },
                              "t": 1,
                              "h": {
                                "k": 0
                              },
                              "a": {
                                "k": 0
                              },
                              "g": {
                                "p": 2,
                                "k": {
                                  "k": [
                                    0,
                                    1,
                                    0.25,
                                    0.74,
                                    1,
                                    1,
                                    0.12,
                                    0.45,
                                    0,
                                    1,
                                    1,
                                    1
                                  ]
                                }
                              },
                              "hd": false,
                              "o": {
                                "k": 100
                              }
                            },
                            {
                              "ty": "tr",
                              "o": {
                                "k": 100
                              },
                              "r": {
                                "k": 0
                              },
                              "p": {
                                "k": [
                                  0,
                                  0
                                ]
                              },
                              "a": {
                                "k": [
                                  0,
                                  0
                                ]
                              },
                              "s": {
                                "k": [
                                  100,
                                  100
                                ]
                              },
                              "sk": {
                                "k": 0
                              },
                              "sa": {
                                "k": 0
                              },
                              "hd": false
                            }
                          ]
                        },
                        {
                          "ty": "tr",
                          "o": {
                            "k": 100
                          },
                          "r": {
                            "k": 0
                          },
                          "p": {
                            "k": [
                              0,
                              0
                            ]
                          },
                          "a": {
                            "k": [
                              0,
                              0
                            ]
                          },
                          "s": {
                            "k": [
                              100,
                              100
                            ]
                          },
                          "sk": {
                            "k": 0
                          },
                          "sa": {
                            "k": 0
                          },
                          "hd": false
                        }
                      ]
                    },
                    {
                      "ty": "tr",
                      "o": {
                        "k": 100
                      },
                      "r": {
                        "k": 0
                      },
                      "p": {
                        "k": [
                          0,
                          0
                        ]
                      },
                      "a": {
                        "k": [
                          0,
                          0
                        ]
                      },
                      "s": {
                        "k": [
                          100,
                          100
                        ]
                      },
                      "sk": {
                        "k": 0
                      },
                      "sa": {
                        "k": 0
                      },
                      "hd": false
                    }
                  ]
                },
                {
                  "ty": "tr",
                  "o": {
                    "k": 100
                  },
                  "r": {
                    "k": 0
                  },
                  "p": {
                    "k": [
                      0,
                      0
                    ]
                  },
                  "a": {
                    "k": [
                      0,
                      0
                    ]
                  },
                  "s": {
                    "k": [
                      100,
                      100
                    ]
                  },
                  "sk": {
                    "k": 0
                  },
                  "sa": {
                    "k": 0
                  },
                  "hd": false
                }
              ]
            },
            {
              "ty": "gr",
              "hd": false,
              "it": [
                {
                  "ty": "sh",
                  "ks": {
                    "k": {
                      "i": [
                        [
                          0,
                          0
                        ],
                        [
                          0,
                          0
                        ],
                        [
                          0.34,
                          -0.34
                        ],
                        [
                          0,
                          0
                        ],
                        [
                          -0.35,
                          -0.35
                        ],
                        [
                          0,
                          0
                        ],
                        [
                          -0.34,
                          0.34
                        ],
                        [
                          0,
                          0
                        ],
                        [
                          0.34,
                          0.35
                        ]
                      ],
                      "o": [
                        [
                          0,
                          0
                        ],
                        [
                          -0.34,
                          -0.34
                        ],
                        [
                          0,
                          0
                        ],
                        [
                          -0.35,
                          0.35
                        ],
                        [
                          0,
                          0
                        ],
                        [
                          0.34,
                          0.34
                        ],
                        [
                          0,
                          0
                        ],
                        [
                          0.34,
                          -0.35
                        ],
                        [
                          0,
                          0
                        ]
                      ],
                      "v": [
                        [
                          27.79,
                          9.77
                        ],
                        [
                          25.29,
                          7.27
                        ],
                        [
                          24.04,
                          7.27
                        ],
                        [
                          14.03,
                          17.28
                        ],
                        [
                          14.03,
                          18.54
                        ],
                        [
                          16.53,
                          21.04
                        ],
                        [
                          17.78,
                          21.04
                        ],
                        [
                          27.79,
                          11.03
                        ],
                        [
                          27.79,
                          9.77
                        ]
                      ],
                      "c": false
                    }
                  }
                },
                {
                  "ty": "fl",
                  "o": {
                    "k": 100
                  },
                  "c": {
                    "k": [
                      1,
                      0.18,
                      0.58,
                      1
                    ]
                  }
                },
                {
                  "ty": "tr",
                  "o": {
                    "k": 100
                  },
                  "r": {
                    "k": 0
                  },
                  "p": {
                    "k": [
                      0,
                      0
                    ]
                  },
                  "a": {
                    "k": [
                      0,
                      0
                    ]
                  },
                  "s": {
                    "k": [
                      100,
                      100
                    ]
                  },
                  "sk": {
                    "k": 0
                  },
                  "sa": {
                    "k": 0
                  },
                  "hd": false
                }
              ]
            },
            {
              "ty": "gr",
              "hd": false,
              "it": [
                {
                  "ty": "sh",
                  "ks": {
                    "k": {
                      "i": [
                        [
                          0,
                          0
                        ],
                        [
                          0,
                          0
                        ],
                        [
                          0.34,
                          -0.34
                        ],
                        [
                          0,
                          0
                        ],
                        [
                          0,
                          0
                        ],
                        [
                          0.35,
                          -0.35
                        ],
                        [
                          0,
                          0
                        ],
                        [
                          -0.34,
                          -0.35
                        ],
                        [
                          0,
                          0
                        ],
                        [
                          -0.34,
                          0.34
                        ],
                        [
                          0,
                          0
                        ],
                        [
                          0.34,
                          0.35
                        ]
                      ],
                      "o": [
                        [
                          0,
                          0
                        ],
                        [
                          -0.34,
                          -0.34
                        ],
                        [
                          0,
                          0
                        ],
                        [
                          0,
                          0
                        ],
                        [
                          -0.35,
                          -0.35
                        ],
                        [
                          0,
                          0
                        ],
                        [
                          -0.34,
                          0.35
                        ],
                        [
                          0,
                          0
                        ],
                        [
                          0.34,
                          0.34
                        ],
                        [
                          0,
                          0
                        ],
                        [
                          0.34,
                          -0.35
                        ],
                        [
                          0,
                          0
                        ]
                      ],
                      "v": [
                        [
                          17.78,
                          9.77
                        ],
                        [
                          15.28,
                          7.27
                        ],
                        [
                          14.03,
                          7.27
                        ],
                        [
                          7.14,
                          14.15
                        ],
                        [
                          4.02,
                          11.03
                        ],
                        [
                          2.76,
                          11.03
                        ],
                        [
                          0.26,
                          13.53
                        ],
                        [
                          0.26,
                          14.78
                        ],
                        [
                          6.52,
                          21.04
                        ],
                        [
                          7.77,
                          21.04
                        ],
                        [
                          17.78,
                          11.03
                        ],
                        [
                          17.78,
                          9.77
                        ]
                      ],
                      "c": false
                    }
                  }
                },
                {
                  "ty": "fl",
                  "o": {
                    "k": 100
                  },
                  "c": {
                    "k": [
                      0.44,
                      0.31,
                      1,
                      1
                    ]
                  }
                },
                {
                  "ty": "tr",
                  "o": {
                    "k": 100
                  },
                  "r": {
                    "k": 0
                  },
                  "p": {
                    "k": [
                      0,
                      0
                    ]
                  },
                  "a": {
                    "k": [
                      0,
                      0
                    ]
                  },
                  "s": {
                    "k": [
                      100,
                      100
                    ]
                  },
                  "sk": {
                    "k": 0
                  },
                  "sa": {
                    "k": 0
                  },
                  "hd": false
                }
              ]
            },
            {
              "ty": "gr",
              "hd": false,
              "nm": "use",
              "it": [
                {
                  "ty": "gr",
                  "hd": false,
                  "nm": "surface24166",
                  "it": [
                    {
                      "ty": "gr",
                      "hd": false,
                      "it": [
                        {
                          "ty": "sh",
                          "ks": {
                            "k": {
                              "i": [
                                [
                                  0,
                                  0
                                ],
                                [
                                  0.17,
                                  -0.17
                                ],
                                [
                                  0,
                                  0
                                ],
                                [
                                  0,
                                  0
                                ],
                                [
                                  0.23,
                                  0
                                ],
                                [
                                  0.17,
                                  -0.17
                                ],
                                [
                                  0,
                                  0
                                ],
                                [
                                  0,
                                  -0.23
                                ],
                                [
                                  -0.17,
                                  -0.17
                                ],
                                [
                                  0,
                                  0
                                ],
                                [
                                  -0.23,
                                  0
                                ],
                                [
                                  -0.17,
                                  0.17
                                ],
                                [
                                  0,
                                  0
                                ],
                                [
                                  0,
                                  0.23
                                ],
                                [
                                  0.17,
                                  0.17
                                ],
                                [
                                  0,
                                  0
                                ],
                                [
                                  0.23,
                                  0
                                ]
                              ],
                              "o": [
                                [
                                  -0.23,
                                  0
                                ],
                                [
                                  0,
                                  0
                                ],
                                [
                                  0,
                                  0
                                ],
                                [
                                  -0.17,
                                  -0.17
                                ],
                                [
                                  -0.23,
                                  0
                                ],
                                [
                                  0,
                                  0
                                ],
                                [
                                  -0.17,
                                  0.17
                                ],
                                [
                                  0,
                                  0.23
                                ],
                                [
                                  0,
                                  0
                                ],
                                [
                                  0.17,
                                  0.17
                                ],
                                [
                                  0.23,
                                  0
                                ],
                                [
                                  0,
                                  0
                                ],
                                [
                                  0.17,
                                  -0.17
                                ],
                                [
                                  0,
                                  -0.23
                                ],
                                [
                                  0,
                                  0
                                ],
                                [
                                  -0.17,
                                  -0.17
                                ],
                                [
                                  0,
                                  0
                                ]
                              ],
                              "v": [
                                [
                                  14.65,
                                  7.01
                                ],
                                [
                                  14.03,
                                  7.27
                                ],
                                [
                                  7.14,
                                  14.15
                                ],
                                [
                                  4.01,
                                  11.02
                                ],
                                [
                                  3.39,
                                  10.77
                                ],
                                [
                                  2.76,
                                  11.02
                                ],
                                [
                                  0.26,
                                  13.53
                                ],
                                [
                                  0,
                                  14.15
                                ],
                                [
                                  0.26,
                                  14.78
                                ],
                                [
                                  6.52,
                                  21.04
                                ],
                                [
                                  7.14,
                                  21.29
                                ],
                                [
                                  7.77,
                                  21.04
                                ],
                                [
                                  17.78,
                                  11.02
                                ],
                                [
                                  18.04,
                                  10.4
                                ],
                                [
                                  17.78,
                                  9.77
                                ],
                                [
                                  15.28,
                                  7.27
                                ],
                                [
                                  14.65,
                                  7.01
                                ]
                              ],
                              "c": false
                            }
                          }
                        },
                        {
                          "ty": "fl",
                          "o": {
                            "k": 100
                          },
                          "c": {
                            "k": [
                              1,
                              1,
                              1,
                              1
                            ]
                          }
                        },
                        {
                          "ty": "tr",
                          "o": {
                            "k": 100
                          },
                          "r": {
                            "k": 0
                          },
                          "p": {
                            "k": [
                              0,
                              0
                            ]
                          },
                          "a": {
                            "k": [
                              0,
                              0
                            ]
                          },
                          "s": {
                            "k": [
                              100,
                              100
                            ]
                          },
                          "sk": {
                            "k": 0
                          },
                          "sa": {
                            "k": 0
                          },
                          "hd": false
                        }
                      ]
                    },
                    {
                      "ty": "tr",
                      "o": {
                        "k": 100
                      },
                      "r": {
                        "k": 0
                      },
                      "p": {
                        "k": [
                          0,
                          0
                        ]
                      },
                      "a": {
                        "k": [
                          0,
                          0
                        ]
                      },
                      "s": {
                        "k": [
                          100,
                          100
                        ]
                      },
                      "sk": {
                        "k": 0
                      },
                      "sa": {
                        "k": 0
                      },
                      "hd": false
                    }
                  ]
                },
                {
                  "ty": "tr",
                  "o": {
                    "k": 100
                  },
                  "r": {
                    "k": 0
                  },
                  "p": {
                    "k": [
                      0,
                      0
                    ]
                  },
                  "a": {
                    "k": [
                      0,
                      0
                    ]
                  },
                  "s": {
                    "k": [
                      100,
                      100
                    ]
                  },
                  "sk": {
                    "k": 0
                  },
                  "sa": {
                    "k": 0
                  },
                  "hd": false
                }
              ]
            },
            {
              "ty": "tr",
              "o": {
                "k": 100
              },
              "r": {
                "k": 0
              },
              "p": {
                "k": [
                  0,
                  0
                ]
              },
              "a": {
                "k": [
                  0,
                  0
                ]
              },
              "s": {
                "k": [
                  100,
                  100
                ]
              },
              "sk": {
                "k": 0
              },
              "sa": {
                "k": 0
              },
              "hd": false
            }
          ]
        },
        {
          "ty": "tm",
          "s": {
            "a": 0,
            "k": 0,
            "ix": 1
          },
          "e": {
            "a": 1,
            "k": [
              {
                "i": {
                  "x": [
                    0.35
                  ],
                  "y": [
                    1
                  ]
                },
                "o": {
                  "x": [
                    0.17
                  ],
                  "y": [
                    0.17
                  ]
                },
                "t": 0,
                "s": [
                  25
                ]
              },
              {
                "t": 55,
                "s": [
                  100
                ]
              }
            ],
            "ix": 2
          },
          "o": {
            "a": 0,
            "k": 0,
            "ix": 3
          },
          "m": 1,
          "ix": 2,
          "nm": "Trim Paths 1",
          "mn": "ADBE Vector Filter - Trim",
          "hd": false
        }
      ]
    }
  ],
  "meta": {
    "g": "LF SVG to Lottie"
  }
}